phone,state,district,title_long,person__firstname,person__lastname,person__name
(202) 224-4944,TN,,Senator,Lamar,Alexander,Sen. Lamar Alexander [R-TN]
(202) 224-6253,MS,,Senator,Roger,Wicker,Sen. Roger Wicker [R-MS]
(202) 224-4024,VA,,Senator,Timothy,Kaine,Sen. Timothy Kaine [D-VA]
(202) 224-5922,TX,,Senator,Ted,Cruz,Sen. Ted Cruz [R-TX]
(202) 224-6551,NE,,Senator,Deb,Fischer,Sen. Deb Fischer [R-NE]
(202) 224-2043,ND,,Senator,Heidi,Heitkamp,Sen. Heidi Heitkamp [D-ND]
(202) 224-5344,ME,,Senator,Angus,King,Sen. Angus King [I-ME]
(202) 224-4543,MA,,Senator,Elizabeth,Warren,Sen. Elizabeth Warren [D-MA]
(202) 224-3954,WV,,Senator,Joe,Manchin,Sen. Joe Manchin [D-WV]
(202) 224-5521,NM,,Senator,Martin,Heinrich,Sen. Martin Heinrich [D-NM]
(202) 224-6441,WY,,Senator,John,Barrasso,Sen. John Barrasso [R-WY]
(202) 224-3344,TN,,Senator,Bob,Corker,Sen. Bob Corker [R-TN]
(202) 224-2921,RI,,Senator,Sheldon,Whitehouse,Sen. Sheldon Whitehouse [D-RI]
(202) 224-6324,PA,,Senator,Robert,Casey,Sen. Robert “Bob” Casey [D-PA]
(202) 224-2644,MT,,Senator,Jon,Tester,Sen. Jon Tester [D-MT]
(202) 224-6154,MO,,Senator,Claire,McCaskill,Sen. Claire McCaskill [D-MO]
(202) 224-3244,MN,,Senator,Amy,Klobuchar,Sen. Amy Klobuchar [D-MN]
(202) 224-4451,NY,,Senator,Kirsten,Gillibrand,Sen. Kirsten Gillibrand [D-NY]
(202) 224-6244,NV,,Senator,Dean,Heller,Sen. Dean Heller [R-NV]
(202) 224-4814,IN,,Senator,Joe,Donnelly,Sen. Joe Donnelly [D-IN]
(202) 224-6361,HI,,Senator,Mazie,Hirono,Sen. Mazie Hirono [D-HI]
(202) 224-4041,CT,,Senator,Christopher,Murphy,Sen. Christopher Murphy [D-CT]
(202) 224-4822,MI,,Senator,Debbie,Stabenow,Sen. Debbie Stabenow [D-MI]
(202) 224-5274,FL,,Senator,Bill,Nelson,Sen. Bill Nelson [D-FL]
(202) 224-5251,UT,,Senator,Orrin,Hatch,Sen. Orrin Hatch [R-UT]
(202) 224-3841,CA,,Senator,Dianne,Feinstein,Sen. Dianne Feinstein [D-CA]
(202) 224-2441,DE,,Senator,Thomas,Carper,Sen. Thomas Carper [D-DE]
(202) 224-3441,WA,,Senator,Maria,Cantwell,Sen. Maria Cantwell [D-WA]
(202) 224-5141,VT,,Senator,Bernard,Sanders,Sen. Bernard “Bernie” Sanders [I-VT]
(202) 224-4744,NJ,,Senator,Robert,Menéndez,Sen. Robert “Bob” Menéndez [D-NJ]
(202) 224-4521,AZ,,Senator,Jeff,Flake,Sen. Jeff Flake [R-AZ]
(202) 224-4524,MD,,Senator,Benjamin,Cardin,Sen. Benjamin Cardin [D-MD]
(202) 224-2315,OH,,Senator,Sherrod,Brown,Sen. Sherrod Brown [D-OH]
(202) 224-5653,WI,,Senator,Tammy,Baldwin,Sen. Tammy Baldwin [D-WI]
(202) 224-5054,MS,,Senator,Thad,Cochran,Sen. Thad Cochran [R-MS]
(202) 224-2523,ME,,Senator,Susan,Collins,Sen. Susan Collins [R-ME]
(202) 224-2934,TX,,Senator,John,Cornyn,Sen. John Cornyn [R-TX]
(202) 224-2152,IL,,Senator,Richard,Durbin,Sen. Richard Durbin [D-IL]
(202) 224-3424,WY,,Senator,Michael,Enzi,Sen. Michael Enzi [R-WY]
(202) 224-5972,SC,,Senator,Lindsey,Graham,Sen. Lindsey Graham [R-SC]
(202) 224-4721,OK,,Senator,James,Inhofe,Sen. James “Jim” Inhofe [R-OK]
(202) 224-2541,KY,,Senator,Mitch,McConnell,Sen. Mitch McConnell [R-KY]
(202) 224-4642,RI,,Senator,John,Reed,Sen. John “Jack” Reed [D-RI]
(202) 224-4774,KS,,Senator,Pat,Roberts,Sen. Pat Roberts [R-KS]
(202) 224-4124,AL,,Senator,Jefferson,Sessions,Sen. Jefferson “Jeff” Sessions [R-AL]
(202) 224-6472,WV,,Senator,Shelley,Capito,Sen. Shelley Capito [R-WV]
(202) 224-2742,MA,,Senator,Edward,Markey,Sen. Edward “Ed” Markey [D-MA]
(202) 224-6621,NM,,Senator,Tom,Udall,Sen. Tom Udall [D-NM]
(202) 224-5824,LA,,Senator,Bill,Cassidy,Sen. Bill Cassidy [R-LA]
(202) 224-6221,MI,,Senator,Gary,Peters,Sen. Gary Peters [D-MI]
(202) 224-4224,NE,,Senator,Benjamin,Sasse,Sen. Benjamin Sasse [R-NE]
(202) 224-2023,VA,,Senator,Mark,Warner,Sen. Mark Warner [D-VA]
(202) 224-2752,ID,,Senator,James,Risch,Sen. James Risch [R-ID]
(202) 224-2841,NH,,Senator,Jeanne,Shaheen,Sen. Jeanne Shaheen [D-NH]
(202) 224-3753,OR,,Senator,Jeff,Merkley,Sen. Jeff Merkley [D-OR]
(202) 224-5641,MN,,Senator,Alan,Franken,Sen. Alan “Al” Franken [D-MN]
(202) 224-5042,DE,,Senator,Chris,Coons,Sen. Chris Coons [D-DE]
(202) 224-5941,CO,,Senator,Cory,Gardner,Sen. Cory Gardner [R-CO]
(202) 224-2353,AR,,Senator,Tom,Cotton,Sen. Tom Cotton [R-AR]
(202) 224-2651,MT,,Senator,Steve,Daines,Sen. Steve Daines [R-MT]
(202) 224-3224,NJ,,Senator,Cory,Booker,Sen. Cory Booker [D-NJ]
(202) 224-3004,AK,,Senator,Dan,Sullivan,Sen. Dan Sullivan [R-AK]
(202) 224-3521,GA,,Senator,David,Perdue,Sen. David Perdue [R-GA]
(202) 224-3254,IA,,Senator,Joni,Ernst,Sen. Joni Ernst [R-IA]
(202) 224-6342,NC,,Senator,Thom,Tillis,Sen. Thom Tillis [R-NC]
(202) 224-5842,SD,,Senator,Mike,Rounds,Sen. Mike Rounds [R-SD]
(202) 224-6542,NY,,Senator,Charles,Schumer,Sen. Charles “Chuck” Schumer [D-NY]
(202) 224-5852,CO,,Senator,Michael,Bennet,Sen. Michael Bennet [D-CO]
(202) 224-4343,KY,,Senator,Rand,Paul,Sen. Rand Paul [R-KY]
(202) 224-2551,ND,,Senator,John,Hoeven,Sen. John Hoeven [R-ND]
(202) 225-2735,RI,2,Representative,James,Langevin,Rep. James “Jim” Langevin [D-RI2]
(202) 224-6142,ID,,Senator,Michael,Crapo,Sen. Michael Crapo [R-ID]
(202) 224-3744,IA,,Senator,Charles,Grassley,Sen. Charles “Chuck” Grassley [R-IA]
(202) 224-4242,VT,,Senator,Patrick,Leahy,Sen. Patrick Leahy [D-VT]
(202) 224-2235,AZ,,Senator,John,McCain,Sen. John McCain [R-AZ]
(202) 224-6665,AK,,Senator,Lisa,Murkowski,Sen. Lisa Murkowski [R-AK]
(202) 224-2621,WA,,Senator,Patty,Murray,Sen. Patty Murray [D-WA]
(202) 224-5744,AL,,Senator,Richard,Shelby,Sen. Richard Shelby [R-AL]
(202) 224-5244,OR,,Senator,Ron,Wyden,Sen. Ron Wyden [D-OR]
(202) 225-4876,AL,4,Representative,Robert,Aderholt,Rep. Robert Aderholt [R-AL4]
(202) 225-2002,TX,6,Representative,Joe,Barton,Rep. Joe Barton [R-TX6]
(202) 225-0453,UT,1,Representative,Rob,Bishop,Rep. Rob Bishop [R-UT1]
(202) 225-3631,GA,2,Representative,Sanford,Bishop,Rep. Sanford Bishop [D-GA2]
(202) 225-2811,TN,7,Representative,Marsha,Blackburn,Rep. Marsha Blackburn [R-TN7]
(202) 225-4811,OR,3,Representative,Earl,Blumenauer,Rep. Earl Blumenauer [D-OR3]
(202) 224-5721,MO,,Senator,Roy,Blunt,Sen. Roy Blunt [R-MO]
(202) 224-4843,AR,,Senator,John,Boozman,Sen. John Boozman [R-AR]
(202) 225-1188,GU,0,Delegate,Madeleine,Bordallo,Rep. Madeleine Bordallo [D-GU0]
(202) 225-4901,TX,8,Representative,Kevin,Brady,Rep. Kevin Brady [R-TX8]
(202) 225-4731,PA,1,Representative,Robert,Brady,Rep. Robert Brady [D-PA1]
(202) 225-7772,TX,26,Representative,Michael,Burgess,Rep. Michael Burgess [R-TX26]
(202) 224-3154,NC,,Senator,Richard,Burr,Sen. Richard Burr [R-NC]
(202) 225-1986,CA,42,Representative,Ken,Calvert,Rep. Ken Calvert [R-CA42]
(202) 225-5111,MA,7,Representative,Michael,Capuano,Rep. Michael Capuano [D-MA7]
(202) 225-3864,TX,31,Representative,John,Carter,Rep. John Carter [R-TX31]
(202) 225-2216,OH,1,Representative,Steve,Chabot,Rep. Steve Chabot [R-OH1]
(202) 225-2406,MO,1,Representative,Wm.,Clay,Rep. Lacy Clay [D-MO1]
(202) 225-3315,SC,6,Representative,James,Clyburn,Rep. James “Jim” Clyburn [D-SC6]
(202) 225-6165,OK,4,Representative,Tom,Cole,Rep. Tom Cole [R-OK4]
(202) 225-5126,MI,13,Representative,John,Conyers,Rep. John Conyers [D-MI13]
(202) 225-4311,TN,5,Representative,Jim,Cooper,Rep. Jim Cooper [D-TN5]
(202) 225-3965,NY,14,Representative,Joseph,Crowley,Rep. Joseph “Joe” Crowley [D-NY14]
(202) 225-2571,TX,7,Representative,John,Culberson,Rep. John Culberson [R-TX7]
(202) 225-4741,MD,7,Representative,Elijah,Cummings,Rep. Elijah Cummings [D-MD7]
(202) 225-5006,IL,7,Representative,Danny,Davis,Rep. Danny Davis [D-IL7]
(202) 225-2040,CA,53,Representative,Susan,Davis,Rep. Susan Davis [D-CA53]
(202) 225-6416,OR,4,Representative,Peter,DeFazio,Rep. Peter DeFazio [D-OR4]
(202) 225-4431,CO,1,Representative,Diana,DeGette,Rep. Diana DeGette [D-CO1]
(202) 225-3661,CT,3,Representative,Rosa,DeLauro,Rep. Rosa DeLauro [D-CT3]
(202) 225-4211,FL,25,Representative,Mario,Diaz-Balart,Rep. Mario Diaz-Balart [R-FL25]
(202) 225-4865,TX,35,Representative,Lloyd,Doggett,Rep. Lloyd Doggett [D-TX35]
(202) 225-2135,PA,14,Representative,Michael,Doyle,Rep. Michael “Mike” Doyle [D-PA14]
(202) 225-5435,TN,2,Representative,John,Duncan,Rep. John “Jimmy” Duncan [R-TN2]
(202) 225-2464,NY,16,Representative,Eliot,Engel,Rep. Eliot Engel [D-NY16]
(202) 225-8104,CA,18,Representative,Anna,Eshoo,Rep. Anna Eshoo [D-CA18]
(202) 225-4576,AZ,8,Representative,Trent,Franks,Rep. Trent Franks [R-AZ8]
(202) 225-5034,NJ,11,Representative,Rodney,Frelinghuysen,Rep. Rodney Frelinghuysen [R-NJ11]
(202) 225-5431,VA,6,Representative,Bob,Goodlatte,Rep. Bob Goodlatte [R-VA6]
(202) 225-5071,TX,12,Representative,Kay,Granger,Rep. Kay Granger [R-TX12]
(202) 225-7041,MO,6,Representative,Sam,Graves,Rep. Sam Graves [R-MO6]
(202) 225-1688,TX,29,Representative,Gene,Green,Rep. Gene Green [D-TX29]
(202) 225-2435,AZ,3,Representative,Raúl,Grijalva,Rep. Raúl Grijalva [D-AZ3]
(202) 225-8203,IL,4,Representative,Luis,Gutiérrez,Rep. Luis Gutiérrez [D-IL4]
(202) 225-1313,FL,20,Representative,Alcee,Hastings,Rep. Alcee Hastings [D-FL20]
(202) 225-3484,TX,5,Representative,Jeb,Hensarling,Rep. Jeb Hensarling [R-TX5]
(202) 225-4131,MD,5,Representative,Steny,Hoyer,Rep. Steny Hoyer [D-MD5]
(202) 224-3643,GA,,Senator,John,Isakson,Sen. John “Johnny” Isakson [R-GA]
(202) 225-3906,CA,49,Representative,Darrell,Issa,Rep. Darrell Issa [R-CA49]
(202) 225-3816,TX,18,Representative,Sheila,Jackson Lee,Rep. Sheila Jackson Lee [D-TX18]
(202) 225-8885,TX,30,Representative,Eddie,Johnson,Rep. Eddie Johnson [D-TX30]
(202) 225-4201,TX,3,Representative,Sam,Johnson,Rep. Sam Johnson [R-TX3]
(202) 225-3415,NC,3,Representative,Walter,Jones,Rep. Walter Jones [R-NC3]
(202) 225-4146,OH,9,Representative,Marcy,Kaptur,Rep. Marcy Kaptur [D-OH9]
(202) 225-5506,WI,3,Representative,Ron,Kind,Rep. Ron Kind [D-WI3]
(202) 225-7896,NY,2,Representative,Peter,King,Rep. Peter “Pete” King [R-NY2]
(202) 225-4426,IA,4,Representative,Steve,King,Rep. Steve King [R-IA4]
(202) 225-2605,WA,2,Representative,Rick,Larsen,Rep. Rick Larsen [D-WA2]
(202) 225-2265,CT,1,Representative,John,Larson,Rep. John Larson [D-CT1]
(202) 225-2661,CA,13,Representative,Barbara,Lee,Rep. Barbara Lee [D-CA13]
(202) 225-4961,MI,9,Representative,Sander,Levin,Rep. Sander Levin [D-MI9]
(202) 225-3801,GA,5,Representative,John,Lewis,Rep. John Lewis [D-GA5]
(202) 225-6572,NJ,2,Representative,Frank,LoBiondo,Rep. Frank LoBiondo [R-NJ2]
(202) 225-3072,CA,19,Representative,Zoe,Lofgren,Rep. Zoe Lofgren [D-CA19]
(202) 225-6506,NY,17,Representative,Nita,Lowey,Rep. Nita Lowey [D-NY17]
(202) 225-5565,OK,3,Representative,Frank,Lucas,Rep. Frank Lucas [R-OK3]
(202) 225-8273,MA,8,Representative,Stephen,Lynch,Rep. Stephen Lynch [D-MA8]
(202) 225-7944,NY,12,Representative,Carolyn,Maloney,Rep. Carolyn Maloney [D-NY12]
(202) 225-6631,MN,4,Representative,Betty,McCollum,Rep. Betty McCollum [D-MN4]
(202) 225-6101,MA,2,Representative,James,McGovern,Rep. James “Jim” McGovern [D-MA2]
(202) 225-3461,NY,5,Representative,Gregory,Meeks,Rep. Gregory Meeks [D-NY5]
(202) 224-6521,KS,,Senator,Jerry,Moran,Sen. Jerry Moran [R-KS]
(202) 225-2301,PA,18,Representative,Tim,Murphy,Rep. Tim Murphy [R-PA18]
(202) 225-5635,NY,10,Representative,Jerrold,Nadler,Rep. Jerrold Nadler [D-NY10]
(202) 225-5256,CA,32,Representative,Grace,Napolitano,Rep. Grace Napolitano [D-CA32]
(202) 225-5601,MA,1,Representative,Richard,Neal,Rep. Richard Neal [D-MA1]
(202) 225-8050,DC,0,Delegate,Eleanor,Norton,Rep. Eleanor Norton [D-DC0]
(202) 225-2523,CA,22,Representative,Devin,Nunes,Rep. Devin Nunes [R-CA22]
(202) 225-4671,NJ,6,Representative,Frank,Pallone,Rep. Frank Pallone [D-NJ6]
(202) 225-5751,NJ,9,Representative,Bill,Pascrell,Rep. Bill Pascrell [D-NJ9]
(202) 225-2365,NM,2,Representative,Stevan,Pearce,Rep. Stevan “Steve” Pearce [R-NM2]
(202) 225-4965,CA,12,Representative,Nancy,Pelosi,Rep. Nancy Pelosi [D-CA12]
(202) 225-2165,MN,7,Representative,Collin,Peterson,Rep. Collin Peterson [D-MN7]
(202) 224-3353,OH,,Senator,Robert,Portman,Sen. Robert “Rob” Portman [R-OH]
(202) 225-1784,NC,4,Representative,David,Price,Rep. David Price [D-NC4]
(202) 225-4601,KY,5,Representative,Harold,Rogers,Rep. Harold “Hal” Rogers [R-KY5]
(202) 225-3261,AL,3,Representative,Mike,Rogers,Rep. Mike Rogers [R-AL3]
(202) 225-2415,CA,48,Representative,Dana,Rohrabacher,Rep. Dana Rohrabacher [R-CA48]
(202) 225-3931,FL,27,Representative,Ileana,Ros-Lehtinen,Rep. Ileana Ros-Lehtinen [R-FL27]
(202) 225-1766,CA,40,Representative,Lucille,Roybal-Allard,Rep. Lucille Roybal-Allard [D-CA40]
(202) 225-4111,CA,39,Representative,Edward,Royce,Rep. Edward “Ed” Royce [R-CA39]
(202) 225-3061,MD,2,Representative,C.,Ruppersberger,Rep. A. Dutch Ruppersberger [D-MD2]
(202) 225-4372,IL,1,Representative,Bobby,Rush,Rep. Bobby Rush [D-IL1]
(202) 225-3031,WI,1,Representative,Paul,Ryan,Rep. Paul Ryan [R-WI1]
(202) 225-5261,OH,13,Representative,Tim,Ryan,Rep. Tim Ryan [D-OH13]
(202) 225-6676,CA,38,Representative,Linda,Sánchez,Rep. Linda Sánchez [D-CA38]
(202) 225-2111,IL,9,Representative,Janice,Schakowsky,Rep. Janice “Jan” Schakowsky [D-IL9]
(202) 225-4176,CA,28,Representative,Adam,Schiff,Rep. Adam Schiff [D-CA28]
(202) 225-2939,GA,13,Representative,David,Scott,Rep. David Scott [D-GA13]
(202) 225-8351,VA,3,Representative,Robert,Scott,Rep. Robert “Bobby” Scott [D-VA3]
(202) 225-5101,WI,5,Representative,F.,Sensenbrenner,Rep. James Sensenbrenner [R-WI5]
(202) 225-4361,NY,15,Representative,José,Serrano,Rep. José Serrano [D-NY15]
(202) 225-2231,TX,32,Representative,Pete,Sessions,Rep. Pete Sessions [R-TX32]
(202) 225-5911,CA,30,Representative,Brad,Sherman,Rep. Brad Sherman [D-CA30]
(202) 225-5271,IL,15,Representative,John,Shimkus,Rep. John Shimkus [R-IL15]
(202) 225-5531,ID,2,Representative,Michael,Simpson,Rep. Michael “Mike” Simpson [R-ID2]
(202) 225-3615,NY,25,Representative,Louise,Slaughter,Rep. Louise Slaughter [D-NY25]
(202) 225-8901,WA,9,Representative,Adam,Smith,Rep. Adam Smith [D-WA9]
(202) 225-3765,NJ,4,Representative,Christopher,Smith,Rep. Christopher “Chris” Smith [R-NJ4]
(202) 225-4236,TX,21,Representative,Lamar,Smith,Rep. Lamar Smith [R-TX21]
(202) 225-5876,MS,2,Representative,Bennie,Thompson,Rep. Bennie Thompson [D-MS2]
(202) 225-3311,CA,5,Representative,Mike,Thompson,Rep. Mike Thompson [D-CA5]
(202) 225-3706,TX,13,Representative,Mac,Thornberry,Rep. Mac Thornberry [R-TX13]
(202) 225-5355,OH,12,Representative,Patrick,Tiberi,Rep. Patrick “Pat” Tiberi [R-OH12]
(202) 224-4254,PA,,Senator,Patrick,Toomey,Sen. Patrick “Pat” Toomey [R-PA]
(202) 225-6465,OH,10,Representative,Michael,Turner,Rep. Michael Turner [R-OH10]
(202) 225-3761,MI,6,Representative,Fred,Upton,Rep. Fred Upton [R-MI6]
(202) 224-4654,MD,,Senator,Chris,Van Hollen,Sen. Chris Van Hollen [D-MD]
(202) 225-2361,NY,7,Representative,Nydia,Velázquez,Rep. Nydia Velázquez [D-NY7]
(202) 225-2461,IN,1,Representative,Peter,Visclosky,Rep. Peter Visclosky [D-IN1]
(202) 225-6730,OR,2,Representative,Greg,Walden,Rep. Greg Walden [R-OR2]
(202) 225-2201,CA,43,Representative,Maxine,Waters,Rep. Maxine Waters [D-CA43]
(202) 225-2452,SC,2,Representative,Joe,Wilson,Rep. Joe Wilson [R-SC2]
(202) 225-5765,AK,0,Representative,Don,Young,Rep. Don Young [R-AK0]
(202) 224-2321,SD,,Senator,John,Thune,Sen. John Thune [R-SD]
(202) 225-3176,SC,1,Representative,Marshall,Sanford,Rep. Marshall “Mark” Sanford [R-SC1]
(202) 225-3101,NC,1,Representative,George,Butterfield,Rep. George “G.K.” Butterfield [D-NC1]
(202) 225-3341,CA,16,Representative,Jim,Costa,Rep. Jim Costa [D-CA16]
(202) 225-7931,FL,23,Representative,Debbie,Wasserman Schultz,Rep. Debbie Wasserman Schultz [D-FL23]
(202) 225-4501,GA,6,Representative,Tom,Price,Rep. Tom Price [R-GA6]
(202) 225-5701,IL,3,Representative,Daniel,Lipinski,Rep. Daniel Lipinski [D-IL3]
(202) 225-4535,MO,5,Representative,Emanuel,Cleaver,Rep. Emanuel Cleaver [D-MO5]
(202) 225-4806,NE,1,Representative,Jeff,Fortenberry,Rep. Jeff Fortenberry [R-NE1]
(202) 225-3306,NY,26,Representative,Brian,Higgins,Rep. Brian Higgins [D-NY26]
(202) 225-2071,NC,5,Representative,Virginia,Foxx,Rep. Virginia Foxx [R-NC5]
(202) 225-2576,NC,10,Representative,Patrick,McHenry,Rep. Patrick McHenry [R-NC10]
(202) 225-6411,PA,15,Representative,Charles,Dent,Rep. Charles Dent [R-PA15]
(202) 225-3035,TX,1,Representative,Louie,Gohmert,Rep. Louie Gohmert [R-TX1]
(202) 225-6565,TX,2,Representative,Ted,Poe,Rep. Ted Poe [R-TX2]
(202) 225-7508,TX,9,Representative,Al,Green,Rep. Al Green [D-TX9]
(202) 225-2401,TX,10,Representative,Michael,McCaul,Rep. Michael McCaul [R-TX10]
(202) 225-3605,TX,11,Representative,K.,Conaway,Rep. Michael Conaway [R-TX11]
(202) 225-6605,TX,24,Representative,Kenny,Marchant,Rep. Kenny Marchant [R-TX24]
(202) 225-1640,TX,28,Representative,Henry,Cuellar,Rep. Henry Cuellar [D-TX28]
(202) 225-2006,WA,5,Representative,Cathy,McMorris Rodgers,Rep. Cathy McMorris Rodgers [R-WA5]
(202) 225-7761,WA,8,Representative,David,Reichert,Rep. David Reichert [R-WA8]
(202) 225-4572,WI,4,Representative,Gwen,Moore,Rep. Gwen Moore [D-WI4]
(202) 225-7163,CA,6,Representative,Doris,Matsui,Rep. Doris Matsui [D-CA6]
(202) 225-6211,MN,8,Representative,Richard,Nolan,Rep. Richard Nolan [D-MN8]
(202) 225-2431,PA,9,Representative,Bill,Shuster,Rep. Bill Shuster [R-PA9]
(202) 225-7919,NJ,8,Representative,Albio,Sires,Rep. Albio Sires [D-NJ8]
(202) 225-1947,CA,9,Representative,Jerry,McNerney,Rep. Jerry McNerney [D-CA9]
(202) 225-2915,CA,23,Representative,Kevin,McCarthy,Rep. Kevin McCarthy [R-CA23]
(202) 225-4422,CO,5,Representative,Doug,Lamborn,Rep. Doug Lamborn [R-CO5]
(202) 225-2645,CO,7,Representative,Ed,Perlmutter,Rep. Ed Perlmutter [D-CO7]
(202) 225-2076,CT,2,Representative,Joe,Courtney,Rep. Joe Courtney [D-CT2]
(202) 225-3376,FL,14,Representative,Kathy,Castor,Rep. Kathy Castor [D-FL14]
(202) 225-5015,FL,16,Representative,Vern,Buchanan,Rep. Vern Buchanan [R-FL16]
(202) 225-1605,GA,4,Representative,Henry,Johnson,Rep. Henry “Hank” Johnson [D-GA4]
(202) 225-4561,IL,6,Representative,Peter,Roskam,Rep. Peter Roskam [R-IL6]
(202) 225-6576,IA,2,Representative,David,Loebsack,Rep. David Loebsack [D-IA2]
(202) 225-5401,KY,3,Representative,John,Yarmuth,Rep. John Yarmuth [D-KY3]
(202) 225-4016,MD,3,Representative,John,Sarbanes,Rep. John Sarbanes [D-MD3]
(202) 225-6276,MI,7,Representative,Tim,Walberg,Rep. Tim Walberg [R-MI7]
(202) 225-2472,MN,1,Representative,Timothy,Walz,Rep. Timothy Walz [D-MN1]
(202) 225-4755,MN,5,Representative,Keith,Ellison,Rep. Keith Ellison [D-MN5]
(202) 225-6435,NE,3,Representative,Adrian,Smith,Rep. Adrian Smith [R-NE3]
(202) 225-5456,NH,1,Representative,Carol,Shea-Porter,Rep. Carol Shea-Porter [D-NH1]
(202) 225-6231,NY,9,Representative,Yvette,Clarke,Rep. Yvette Clarke [D-NY9]
(202) 225-2676,OH,4,Representative,Jim,Jordan,Rep. Jim Jordan [R-OH4]
(202) 225-3265,TN,9,Representative,Steve,Cohen,Rep. Steve Cohen [D-TN9]
(202) 225-4115,VT,0,Representative,Peter,Welch,Rep. Peter Welch [D-VT0]
(202) 225-5755,FL,12,Representative,Gus,Bilirakis,Rep. Gus Bilirakis [R-FL12]
(202) 225-3411,MA,3,Representative,Niki,Tsongas,Rep. Niki Tsongas [D-MA3]
(202) 225-4261,VA,1,Representative,Robert,Wittman,Rep. Robert Wittman [R-VA1]
(202) 225-6405,OH,5,Representative,Robert,Latta,Rep. Robert Latta [R-OH5]
(202) 225-3515,IL,11,Representative,Bill,Foster,Rep. Bill Foster [D-IL11]
(202) 225-4011,IN,7,Representative,André,Carson,Rep. André Carson [D-IN7]
(202) 225-3531,CA,14,Representative,Jackie,Speier,Rep. Jackie Speier [D-CA14]
(202) 225-3015,LA,1,Representative,Steve,Scalise,Rep. Steve Scalise [R-LA1]
(202) 225-7751,UT,3,Representative,Jason,Chaffetz,Rep. Jason Chaffetz [R-UT3]
(202) 225-7882,CO,6,Representative,Mike,Coffman,Rep. Mike Coffman [R-CO6]
(202) 225-1492,VA,11,Representative,Gerald,Connolly,Rep. Gerald Connolly [D-VA11]
(202) 225-3501,KY,2,Representative,Brett,Guthrie,Rep. Brett Guthrie [R-KY2]
(202) 225-5031,MS,3,Representative,Gregg,Harper,Rep. Gregg Harper [R-MS3]
(202) 225-5541,CT,4,Representative,James,Himes,Rep. James Himes [D-CT4]
(202) 225-5672,CA,50,Representative,Duncan,Hunter,Rep. Duncan Hunter [R-CA50]
(202) 225-6601,KS,2,Representative,Lynn,Jenkins,Rep. Lynn Jenkins [R-KS2]
(202) 225-5361,NJ,7,Representative,Leonard,Lance,Rep. Leonard Lance [R-NJ7]
(202) 225-2956,MO,3,Representative,Blaine,Luetkemeyer,Rep. Blaine Luetkemeyer [R-MO3]
(202) 225-6190,NM,3,Representative,Ben,Luján,Rep. Ben Luján [D-NM3]
(202) 225-2511,CA,4,Representative,Tom,McClintock,Rep. Tom McClintock [R-CA4]
(202) 225-5951,TX,22,Representative,Pete,Olson,Rep. Pete Olson [R-TX22]
(202) 225-2871,MN,3,Representative,Erik,Paulsen,Rep. Erik Paulsen [R-MN3]
(202) 225-6116,ME,1,Representative,Chellie,Pingree,Rep. Chellie Pingree [D-ME1]
(202) 225-2161,CO,2,Representative,Jared,Polis,Rep. Jared Polis [D-CO2]
(202) 225-3671,FL,8,Representative,Bill,Posey,Rep. Bill Posey [R-FL8]
(202) 225-6356,TN,1,Representative,David,Roe,Rep. David “Phil” Roe [R-TN1]
(202) 225-5792,FL,17,Representative,Thomas,Rooney,Rep. Thomas Rooney [R-FL17]
(202) 225-2646,MP,0,Delegate,Gregorio,Sablan,Rep. Gregorio Sablan [D-MP0]
(202) 225-5711,OR,5,Representative,Kurt,Schrader,Rep. Kurt Schrader [D-OR5]
(202) 225-5121,PA,5,Representative,Glenn,Thompson,Rep. Glenn Thompson [R-PA5]
(202) 225-5965,NV,1,Representative,Dina,Titus,Rep. Dina Titus [D-NV1]
(202) 225-5076,NY,20,Representative,Paul,Tonko,Rep. Paul Tonko [D-NY20]
(202) 225-7032,OH,11,Representative,Marcia,Fudge,Rep. Marcia Fudge [D-OH11]
(202) 225-4061,IL,5,Representative,Mike,Quigley,Rep. Mike Quigley [D-IL5]
(202) 225-5464,CA,27,Representative,Judy,Chu,Rep. Judy Chu [D-CA27]
(202) 225-1880,CA,3,Representative,John,Garamendi,Rep. John Garamendi [D-CA3]
(202) 225-3001,FL,22,Representative,Theodore,Deutch,Rep. Theodore Deutch [D-FL22]
(202) 225-5211,GA,14,Representative,Tom,Graves,Rep. Tom Graves [R-GA14]
(202) 225-3161,NY,23,Representative,Tom,Reed,Rep. Tom Reed [R-NY23]
(202) 225-2901,AL,2,Representative,Martha,Roby,Rep. Martha Roby [R-AL2]
(202) 225-4801,AL,5,Representative,Mo,Brooks,Rep. Mo Brooks [R-AL5]
(202) 225-2665,AL,7,Representative,Terri,Sewell,Rep. Terri Sewell [D-AL7]
(202) 225-2315,AZ,4,Representative,Paul,Gosar,Rep. Paul Gosar [R-AZ4]
(202) 225-2190,AZ,6,Representative,David,Schweikert,Rep. David Schweikert [R-AZ6]
(202) 225-4076,AR,1,Representative,Eric,Crawford,Rep. Eric “Rick” Crawford [R-AR1]
(202) 225-4301,AR,3,Representative,Steve,Womack,Rep. Steve Womack [R-AR3]
(202) 225-4540,CA,10,Representative,Jeff,Denham,Rep. Jeff Denham [R-CA10]
(202) 225-7084,CA,37,Representative,Karen,Bass,Rep. Karen Bass [D-CA37]
(202) 225-4761,CO,3,Representative,Scott,Tipton,Rep. Scott Tipton [R-CO3]
(202) 225-1002,FL,11,Representative,Daniel,Webster,Rep. Daniel Webster [R-FL11]
(202) 225-1252,FL,15,Representative,Dennis,Ross,Rep. Dennis Ross [R-FL15]
(202) 225-4506,FL,24,Representative,Frederica,Wilson,Rep. Frederica Wilson [D-FL24]
(202) 225-4272,GA,7,Representative,Rob,Woodall,Rep. Rob Woodall [R-GA7]
(202) 225-6531,GA,8,Representative,Austin,Scott,Rep. Austin Scott [R-GA8]
(202) 225-2726,HI,1,Representative,Colleen,Hanabusa,Rep. Colleen Hanabusa [D-HI1]
(202) 225-6611,ID,1,Representative,Raúl,Labrador,Rep. Raúl Labrador [R-ID1]
(202) 225-3635,IL,16,Representative,Adam,Kinzinger,Rep. Adam Kinzinger [R-IL16]
(202) 225-2976,IL,14,Representative,Randy,Hultgren,Rep. Randy Hultgren [R-IL14]
(202) 225-5037,IN,4,Representative,Todd,Rokita,Rep. Todd Rokita [R-IN4]
(202) 225-4636,IN,8,Representative,Larry,Bucshon,Rep. Larry Bucshon [R-IN8]
(202) 224-5623,IN,,Senator,Todd,Young,Sen. Todd Young [R-IN]
(202) 225-2865,KS,3,Representative,Kevin,Yoder,Rep. Kevin Yoder [R-KS3]
(202) 225-6636,LA,2,Representative,Cedric,Richmond,Rep. Cedric Richmond [D-LA2]
(202) 225-5311,MD,1,Representative,Andy,Harris,Rep. Andy Harris [R-MD1]
(202) 225-3111,MA,9,Representative,William,Keating,Rep. William Keating [D-MA9]
(202) 225-4401,MI,2,Representative,Bill,Huizenga,Rep. Bill Huizenga [R-MI2]
(202) 225-3831,MI,3,Representative,Justin,Amash,Rep. Justin Amash [R-MI3]
(202) 225-5772,MS,4,Representative,Steven,Palazzo,Rep. Steven Palazzo [R-MS4]
(202) 225-2876,MO,4,Representative,Vicky,Hartzler,Rep. Vicky Hartzler [R-MO4]
(202) 225-6536,MO,7,Representative,Billy,Long,Rep. Billy Long [R-MO7]
(202) 225-5705,OH,6,Representative,Bill,Johnson,Rep. Bill Johnson [R-OH6]
(202) 225-2015,OH,15,Representative,Steve,Stivers,Rep. Steve Stivers [R-OH15]
(202) 225-3876,OH,16,Representative,James,Renacci,Rep. James Renacci [R-OH16]
(202) 225-6265,OH,7,Representative,Bob,Gibbs,Rep. Bob Gibbs [R-OH7]
(202) 224-5754,OK,,Senator,James,Lankford,Sen. James Lankford [R-OK]
(202) 225-5406,PA,3,Representative,Mike,Kelly,Rep. Mike Kelly [R-PA3]
(202) 225-2011,PA,7,Representative,Patrick,Meehan,Rep. Patrick Meehan [R-PA7]
(202) 225-3731,PA,10,Representative,Tom,Marino,Rep. Tom Marino [R-PA10]
(202) 225-6511,PA,11,Representative,Lou,Barletta,Rep. Lou Barletta [R-PA11]
(202) 225-4911,RI,1,Representative,David,Cicilline,Rep. David Cicilline [D-RI1]
(202) 224-6121,SC,,Senator,Tim,Scott,Sen. Tim Scott [R-SC]
(202) 225-5301,SC,3,Representative,Jeff,Duncan,Rep. Jeff Duncan [R-SC3]
(202) 225-6030,SC,4,Representative,Trey,Gowdy,Rep. Trey Gowdy [R-SC4]
(202) 225-5501,SC,5,Representative,Mick,Mulvaney,Rep. Mick Mulvaney [R-SC5]
(202) 225-2801,SD,0,Representative,Kristi,Noem,Rep. Kristi Noem [R-SD0]
(202) 225-3271,TN,3,Representative,Charles,Fleischmann,Rep. Charles “Chuck” Fleischmann [R-TN3]
(202) 225-6831,TN,4,Representative,Scott,DesJarlais,Rep. Scott DesJarlais [R-TN4]
(202) 225-4231,TN,6,Representative,Diane,Black,Rep. Diane Black [R-TN6]
(202) 225-6105,TX,17,Representative,Bill,Flores,Rep. Bill Flores [R-TX17]
(202) 225-7742,TX,27,Representative,Blake,Farenthold,Rep. Blake Farenthold [R-TX27]
(202) 225-3861,VA,9,Representative,H.,Griffith,Rep. Morgan Griffith [R-VA9]
(202) 225-3536,WA,3,Representative,Jaime,Herrera Beutler,Rep. Jaime Herrera Beutler [R-WA3]
(202) 225-4172,WV,1,Representative,David,McKinley,Rep. David McKinley [R-WV1]
(202) 225-3365,WI,7,Representative,Sean,Duffy,Rep. Sean Duffy [R-WI7]
(202) 224-2823,CT,,Senator,Richard,Blumenthal,Sen. Richard Blumenthal [D-CT]
(202) 224-3041,FL,,Senator,Marco,Rubio,Sen. Marco Rubio [R-FL]
(202) 224-5444,UT,,Senator,Mike,Lee,Sen. Mike Lee [R-UT]
(202) 224-5323,WI,,Senator,Ron,Johnson,Sen. Ron Johnson [R-WI]
(202) 225-6155,NV,2,Representative,Mark,Amodei,Rep. Mark Amodei [R-NV2]
(202) 225-0855,OR,1,Representative,Suzanne,Bonamici,Rep. Suzanne Bonamici [D-OR1]
(202) 225-3465,KY,4,Representative,Thomas,Massie,Rep. Thomas Massie [R-KY4]
(202) 225-6311,WA,1,Representative,Suzan,DelBene,Rep. Suzan DelBene [D-WA1]
(202) 225-3436,NJ,10,Representative,Donald,Payne,Rep. Donald Payne [D-NJ10]
(202) 224-3934,HI,,Senator,Brian,Schatz,Sen. Brian Schatz [D-HI]
(202) 225-9888,AZ,9,Representative,Kyrsten,Sinema,Rep. Kyrsten Sinema [D-AZ9]
(202) 225-3076,CA,1,Representative,Doug,LaMalfa,Rep. Doug LaMalfa [R-CA1]
(202) 225-5161,CA,2,Representative,Jared,Huffman,Rep. Jared Huffman [D-CA2]
(202) 225-5716,CA,7,Representative,Ami,Bera,Rep. Ami Bera [D-CA7]
(202) 225-5861,CA,8,Representative,Paul,Cook,Rep. Paul Cook [R-CA8]
(202) 225-5065,CA,15,Representative,Eric,Swalwell,Rep. Eric Swalwell [D-CA15]
(202) 225-4695,CA,21,Representative,David,Valadao,Rep. David Valadao [R-CA21]
(202) 225-5811,CA,26,Representative,Julia,Brownley,Rep. Julia Brownley [D-CA26]
(202) 225-6131,CA,29,Representative,Tony,Cárdenas,Rep. Tony Cárdenas [D-CA29]
(202) 225-5330,CA,36,Representative,Raul,Ruiz,Rep. Raul Ruiz [D-CA36]
(202) 225-2305,CA,41,Representative,Mark,Takano,Rep. Mark Takano [D-CA41]
(202) 225-7924,CA,47,Representative,Alan,Lowenthal,Rep. Alan Lowenthal [D-CA47]
(202) 225-8045,CA,51,Representative,Juan,Vargas,Rep. Juan Vargas [D-CA51]
(202) 225-0508,CA,52,Representative,Scott,Peters,Rep. Scott Peters [D-CA52]
(202) 225-4476,CT,5,Representative,Elizabeth,Esty,Rep. Elizabeth Esty [D-CT5]
(202) 225-5744,FL,3,Representative,Ted,Yoho,Rep. Ted Yoho [R-FL3]
(202) 225-2706,FL,6,Representative,Ron,DeSantis,Rep. Ron DeSantis [R-FL6]
(202) 225-9890,FL,21,Representative,Lois,Frankel,Rep. Lois Frankel [D-FL21]
(202) 225-9893,GA,9,Representative,Doug,Collins,Rep. Doug Collins [R-GA9]
(202) 225-4906,HI,2,Representative,Tulsi,Gabbard,Rep. Tulsi Gabbard [D-HI2]
(202) 224-2854,IL,,Senator,Tammy,Duckworth,Sen. Tammy Duckworth [D-IL]
(202) 225-4835,IL,10,Representative,Bradley,Schneider,Rep. Bradley Schneider [D-IL10]
(202) 225-2371,IL,13,Representative,Rodney,Davis,Rep. Rodney Davis [R-IL13]
(202) 225-5905,IL,17,Representative,Cheri,Bustos,Rep. Cheri Bustos [D-IL17]
(202) 225-3915,IN,2,Representative,Jackie,Walorski,Rep. Jackie Walorski [R-IN2]
(202) 225-2276,IN,5,Representative,Susan,Brooks,Rep. Susan Brooks [R-IN5]
(202) 225-3021,IN,6,Representative,Luke,Messer,Rep. Luke Messer [R-IN6]
(202) 225-4706,KY,6,Representative,Garland,Barr,Rep. Garland “Andy” Barr [R-KY6]
(202) 225-5931,MA,4,Representative,Joseph,Kennedy,Rep. Joseph Kennedy [D-MA4]
(202) 225-2721,MD,6,Representative,John,Delaney,Rep. John Delaney [D-MD6]
(202) 225-3611,MI,5,Representative,Daniel,Kildee,Rep. Daniel Kildee [D-MI5]
(202) 225-1621,MO,2,Representative,Ann,Wagner,Rep. Ann Wagner [R-MO2]
(202) 225-3715,NC,8,Representative,Richard,Hudson,Rep. Richard Hudson [R-NC8]
(202) 225-1976,NC,9,Representative,Robert,Pittenger,Rep. Robert Pittenger [R-NC9]
(202) 225-6401,NC,11,Representative,Mark,Meadows,Rep. Mark Meadows [R-NC11]
(202) 225-3032,NC,2,Representative,George,Holding,Rep. George Holding [R-NC2]
(202) 225-2611,ND,0,Representative,Kevin,Cramer,Rep. Kevin Cramer [R-ND0]
(202) 225-5206,NH,2,Representative,Ann,Kuster,Rep. Ann Kuster [D-NH2]
(202) 225-6316,NM,1,Representative,Michelle,Lujan Grisham,Rep. Michelle Lujan Grisham [D-NM1]
(202) 225-2601,NY,6,Representative,Grace,Meng,Rep. Grace Meng [D-NY6]
(202) 225-5936,NY,8,Representative,Hakeem,Jeffries,Rep. Hakeem Jeffries [D-NY8]
(202) 225-5441,NY,18,Representative,Sean,Maloney,Rep. Sean Maloney [D-NY18]
(202) 225-5265,NY,27,Representative,Chris,Collins,Rep. Chris Collins [R-NY27]
(202) 225-3164,OH,2,Representative,Brad,Wenstrup,Rep. Brad Wenstrup [R-OH2]
(202) 225-4324,OH,3,Representative,Joyce,Beatty,Rep. Joyce Beatty [D-OH3]
(202) 225-5731,OH,14,Representative,David,Joyce,Rep. David Joyce [R-OH14]
(202) 225-2211,OK,1,Representative,Jim,Bridenstine,Rep. Jim Bridenstine [R-OK1]
(202) 225-2701,OK,2,Representative,Markwayne,Mullin,Rep. Markwayne Mullin [R-OK2]
(202) 225-5836,PA,4,Representative,Scott,Perry,Rep. Scott Perry [R-PA4]
(202) 225-2065,PA,12,Representative,Keith,Rothfus,Rep. Keith Rothfus [R-PA12]
(202) 225-5546,PA,17,Representative,Matthew,Cartwright,Rep. Matthew Cartwright [D-PA17]
(202) 225-9895,SC,7,Representative,Tom,Rice,Rep. Tom Rice [R-SC7]
(202) 225-2831,TX,14,Representative,Randy,Weber,Rep. Randy Weber [R-TX14]
(202) 225-4831,TX,16,Representative,Beto,O'Rourke,Rep. Beto O'Rourke [D-TX16]
(202) 225-3236,TX,20,Representative,Joaquin,Castro,Rep. Joaquin Castro [D-TX20]
(202) 225-9896,TX,25,Representative,Roger,Williams,Rep. Roger Williams [R-TX25]
(202) 225-9897,TX,33,Representative,Marc,Veasey,Rep. Marc Veasey [D-TX33]
(202) 225-9901,TX,34,Representative,Filemon,Vela,Rep. Filemon Vela [D-TX34]
(202) 225-9730,UT,2,Representative,Chris,Stewart,Rep. Chris Stewart [R-UT2]
(202) 225-5916,WA,6,Representative,Derek,Kilmer,Rep. Derek Kilmer [D-WA6]
(202) 225-9740,WA,10,Representative,Denny,Heck,Rep. Denny Heck [D-WA10]
(202) 225-2906,WI,2,Representative,Mark,Pocan,Rep. Mark Pocan [D-WI2]
(202) 225-0773,IL,2,Representative,Robin,Kelly,Rep. Robin Kelly [D-IL2]
(202) 225-4404,MO,8,Representative,Jason,Smith,Rep. Jason Smith [R-MO8]
(202) 225-2836,MA,5,Representative,Katherine,Clark,Rep. Katherine Clark [D-MA5]
(202) 225-4931,AL,1,Representative,Bradley,Byrne,Rep. Bradley Byrne [R-AL1]
(202) 225-2815,VA,7,Representative,David,Brat,Rep. David “Dave” Brat [R-VA7]
(202) 225-6501,NJ,1,Representative,Donald,Norcross,Rep. Donald Norcross [D-NJ1]
(202) 225-1510,NC,12,Representative,Alma,Adams,Rep. Alma Adams [D-NC12]
(202) 225-4921,AL,6,Representative,Gary,Palmer,Rep. Gary Palmer [R-AL6]
(202) 225-2506,AR,2,Representative,French,Hill,Rep. French Hill [R-AR2]
(202) 225-3772,AR,4,Representative,Bruce,Westerman,Rep. Bruce Westerman [R-AR4]
(202) 225-2542,AZ,2,Representative,Martha,McSally,Rep. Martha McSally [R-AZ2]
(202) 225-4065,AZ,7,Representative,Ruben,Gallego,Rep. Ruben Gallego [D-AZ7]
(202) 225-2095,CA,11,Representative,Mark,DeSaulnier,Rep. Mark DeSaulnier [D-CA11]
(202) 225-1956,CA,25,Representative,Steve,Knight,Rep. Steve Knight [R-CA25]
(202) 225-3201,CA,31,Representative,Pete,Aguilar,Rep. Pete Aguilar [D-CA31]
(202) 225-3976,CA,33,Representative,Ted,Lieu,Rep. Ted Lieu [D-CA33]
(202) 225-6161,CA,35,Representative,Norma,Torres,Rep. Norma Torres [D-CA35]
(202) 225-5611,CA,45,Representative,Mimi,Walters,Rep. Mimi Walters [R-CA45]
(202) 225-4676,CO,4,Representative,Ken,Buck,Rep. Ken Buck [R-CO4]
(202) 225-2778,FL,26,Representative,Carlos,Curbelo,Rep. Carlos Curbelo [R-FL26]
(202) 225-5831,GA,1,Representative,Buddy,Carter,Rep. Buddy Carter [R-GA1]
(202) 225-4101,GA,10,Representative,Jody,Hice,Rep. Jody Hice [R-GA10]
(202) 225-2931,GA,11,Representative,Barry,Loudermilk,Rep. Barry Loudermilk [R-GA11]
(202) 225-2823,GA,12,Representative,Rick,Allen,Rep. Rick Allen [R-GA12]
(202) 225-2911,IA,1,Representative,Rod,Blum,Rep. Rod Blum [R-IA1]
(202) 225-5476,IA,3,Representative,David,Young,Rep. David Young [R-IA3]
(202) 225-5661,IL,12,Representative,Mike,Bost,Rep. Mike Bost [R-IL12]
(202) 225-8490,LA,5,Representative,Ralph,Abraham,Rep. Ralph Abraham [R-LA5]
(202) 225-3901,LA,6,Representative,Garret,Graves,Rep. Garret Graves [R-LA6]
(202) 225-8020,MA,6,Representative,Seth,Moulton,Rep. Seth Moulton [D-MA6]
(202) 225-6306,ME,2,Representative,Bruce,Poliquin,Rep. Bruce Poliquin [R-ME2]
(202) 225-3561,MI,4,Representative,John,Moolenaar,Rep. John Moolenaar [R-MI4]
(202) 225-4872,MI,8,Representative,Mike,Bishop,Rep. Mike Bishop [R-MI8]
(202) 225-8171,MI,11,Representative,Dave,Trott,Rep. Dave Trott [R-MI11]
(202) 225-4071,MI,12,Representative,Debbie,Dingell,Rep. Debbie Dingell [D-MI12]
(202) 225-5802,MI,14,Representative,Brenda,Lawrence,Rep. Brenda Lawrence [D-MI14]
(202) 225-2331,MN,6,Representative,Tom,Emmer,Rep. Tom Emmer [R-MN6]
(202) 225-3211,MT,0,Representative,Ryan,Zinke,Rep. Ryan Zinke [R-MT0]
(202) 225-2731,NC,7,Representative,David,Rouzer,Rep. David Rouzer [R-NC7]
(202) 225-4765,NJ,3,Representative,Tom,MacArthur,Rep. Tom MacArthur [R-NJ3]
(202) 225-5801,NJ,12,Representative,Bonnie,Watson Coleman,Rep. Bonnie Watson Coleman [D-NJ12]
(202) 225-3826,NY,1,Representative,Lee,Zeldin,Rep. Lee Zeldin [R-NY1]
(202) 225-5516,NY,4,Representative,Kathleen,Rice,Rep. Kathleen Rice [D-NY4]
(202) 225-4611,NY,21,Representative,Elise,Stefanik,Rep. Elise Stefanik [R-NY21]
(202) 225-3701,NY,24,Representative,John,Katko,Rep. John Katko [R-NY24]
(202) 225-2132,OK,5,Representative,Steve,Russell,Rep. Steve Russell [R-OK5]
(202) 225-4315,PA,6,Representative,Ryan,Costello,Rep. Ryan Costello [R-PA6]
(202) 225-6111,PA,13,Representative,Brendan,Boyle,Rep. Brendan Boyle [D-PA13]
(202) 225-6673,TX,4,Representative,John,Ratcliffe,Rep. John Ratcliffe [R-TX4]
(202) 225-4511,TX,23,Representative,Will,Hurd,Rep. Will Hurd [R-TX23]
(202) 225-1555,TX,36,Representative,Brian,Babin,Rep. Brian Babin [R-TX36]
(202) 225-3011,UT,4,Representative,Mia,Love,Rep. Mia Love [R-UT4]
(202) 225-4376,VA,8,Representative,Donald,Beyer,Rep. Donald Beyer [D-VA8]
(202) 225-5136,VA,10,Representative,Barbara,Comstock,Rep. Barbara Comstock [R-VA10]
(202) 225-1790,VI,0,Delegate,Stacey,Plaskett,Rep. Stacey Plaskett [D-VI0]
(202) 225-5816,WA,4,Representative,Dan,Newhouse,Rep. Dan Newhouse [R-WA4]
(202) 225-2476,WI,6,Representative,Glenn,Grothman,Rep. Glenn Grothman [R-WI6]
(202) 225-2711,WV,2,Representative,Alex,Mooney,Rep. Alex Mooney [R-WV2]
(202) 225-3452,WV,3,Representative,Evan,Jenkins,Rep. Evan Jenkins [R-WV3]
(202) 225-8577,AS,0,Delegate,Aumua,Amata,Rep. Aumua Amata [R-AS0]
(202) 225-3065,NC,6,Representative,Mark,Walker,Rep. Mark Walker [R-NC6]
(202) 225-3371,NY,11,Representative,Daniel,Donovan,Rep. Daniel Donovan [R-NY11]
(202) 225-4306,MS,1,Representative,Trent,Kelly,Rep. Trent Kelly [R-MS1]
(202) 225-6201,IL,18,Representative,Darin,LaHood,Rep. Darin LaHood [R-IL18]
(202) 225-6205,OH,8,Representative,Warren,Davidson,Rep. Warren Davidson [R-OH8]
(202) 225-3115,KY,1,Representative,James,Comer,Rep. James Comer [R-KY1]
(202) 225-4001,PA,2,Representative,Dwight,Evans,Rep. Dwight Evans [D-PA2]
(202) 224-3553,CA,,Senator,Kamala,Harris,Sen. Kamala Harris [D-CA]
(202) 224-4623,LA,,Senator,John,Kennedy,Sen. John Kennedy [R-LA]
(202) 224-3324,NH,,Senator,Margaret,Hassan,Sen. Margaret “Maggie” Hassan [D-NH]
(202) 224-3542,NV,,Senator,Catherine,Cortez Masto,Sen. Catherine Cortez Masto [D-NV]
(202) 225-3361,AZ,1,Representative,Tom,O'Halleran,Rep. Tom O'Halleran [D-AZ1]
(202) 225-2635,AZ,5,Representative,Andy,Biggs,Rep. Andy Biggs [R-AZ5]
(202) 225-2631,CA,17,Representative,Ro,Khanna,Rep. Ro Khanna [D-CA17]
(202) 225-2861,CA,20,Representative,Jimmy,Panetta,Rep. Jimmy Panetta [D-CA20]
(202) 225-3601,CA,24,Representative,Salud,Carbajal,Rep. Salud Carbajal [D-CA24]
(202) 225-8220,CA,44,Representative,Nanette,Barragán,Rep. Nanette Barragán [D-CA44]
(202) 225-2965,CA,46,Representative,J.,Correa,Rep. Luis Correa [D-CA46]
(202) 225-4165,DE,0,Representative,Lisa,Blunt Rochester,Rep. Lisa Blunt Rochester [D-DE0]
(202) 225-4136,FL,1,Representative,Matt,Gaetz,Rep. Matt Gaetz [R-FL1]
(202) 225-5235,FL,2,Representative,Neal,Dunn,Rep. Neal Dunn [R-FL2]
(202) 225-2501,FL,4,Representative,John,Rutherford,Rep. John Rutherford [R-FL4]
(202) 225-0123,FL,5,Representative,Al,Lawson,Rep. Al Lawson [D-FL5]
(202) 225-4035,FL,7,Representative,Stephanie,Murphy,Rep. Stephanie Murphy [D-FL7]
(202) 225-9889,FL,9,Representative,Darren,Soto,Rep. Darren Soto [D-FL9]
(202) 225-2176,FL,10,Representative,Val,Demings,Rep. Val Demings [D-FL10]
(202) 225-5961,FL,13,Representative,Charlie,Crist,Rep. Charlie Crist [D-FL13]
(202) 225-3026,FL,18,Representative,Brian,Mast,Rep. Brian Mast [R-FL18]
(202) 225-2536,FL,19,Representative,Francis,Rooney,Rep. Francis Rooney [R-FL19]
(202) 225-5901,GA,3,Representative,A.,Ferguson,Rep. Drew Ferguson [R-GA3]
(202) 225-3711,IL,8,Representative,Raja,Krishnamoorthi,Rep. Raja Krishnamoorthi [D-IL8]
(202) 225-4436,IN,3,Representative,Jim,Banks,Rep. Jim Banks [R-IN3]
(202) 225-5315,IN,9,Representative,Trey,Hollingsworth,Rep. Trey Hollingsworth [R-IN9]
(202) 225-2715,KS,1,Representative,Roger,Marshall,Rep. Roger Marshall [R-KS1]
(202) 225-2031,LA,3,Representative,Clay,Higgins,Rep. Clay Higgins [R-LA3]
(202) 225-2777,LA,4,Representative,Mike,Johnson,Rep. Mike Johnson [R-LA4]
(202) 225-8699,MD,4,Representative,Anthony,Brown,Rep. Anthony Brown [D-MD4]
(202) 225-5341,MD,8,Representative,Jamie,Raskin,Rep. Jamie Raskin [D-MD8]
(202) 225-4735,MI,1,Representative,Jack,Bergman,Rep. Jack Bergman [R-MI1]
(202) 225-2106,MI,10,Representative,Paul,Mitchell,Rep. Paul Mitchell [R-MI10]
(202) 225-2271,MN,2,Representative,Jason,Lewis,Rep. Jason Lewis [R-MN2]
(202) 225-4531,NC,13,Representative,Ted,Budd,Rep. Ted Budd [R-NC13]
(202) 225-4155,NE,2,Representative,Don,Bacon,Rep. Don Bacon [R-NE2]
(202) 225-4465,NJ,5,Representative,Josh,Gottheimer,Rep. Josh Gottheimer [D-NJ5]
(202) 225-3252,NV,3,Representative,Jacky,Rosen,Rep. Jacky Rosen [D-NV3]
(202) 225-9894,NV,4,Representative,Ruben,Kihuen,Rep. Ruben Kihuen [D-NV4]
(202) 225-3335,NY,3,Representative,Thomas,Suozzi,Rep. Thomas Suozzi [D-NY3]
(202) 225-4365,NY,13,Representative,Adriano,Espaillat,Rep. Adriano Espaillat [D-NY13]
(202) 225-5614,NY,19,Representative,John,Faso,Rep. John Faso [R-NY19]
(202) 225-3665,NY,22,Representative,Claudia,Tenney,Rep. Claudia Tenney [R-NY22]
(202) 225-4276,PA,8,Representative,Brian,Fitzpatrick,Rep. Brian Fitzpatrick [R-PA8]
(202) 225-2411,PA,16,Representative,Lloyd,Smucker,Rep. Lloyd Smucker [R-PA16]
(202) 225-2615,PR,0,Resident Commissioner,Jenniffer,González-Colón,Commish. Jenniffer González-Colón [R-PR0]
(202) 225-4714,TN,8,Representative,David,Kustoff,Rep. David Kustoff [R-TN8]
(202) 225-2531,TX,15,Representative,Vicente,Gonzalez,Rep. Vicente Gonzalez [D-TX15]
(202) 225-4005,TX,19,Representative,Jodey,Arrington,Rep. Jodey Arrington [R-TX19]
(202) 225-4215,VA,2,Representative,Scott,Taylor,Rep. Scott Taylor [R-VA2]
(202) 225-6365,VA,4,Representative,A.,McEachin,Rep. Donald McEachin [D-VA4]
(202) 225-4711,VA,5,Representative,Thomas,Garrett,Rep. Thomas Garrett [R-VA5]
(202) 225-3106,WA,7,Representative,Pramila,Jayapal,Rep. Pramila Jayapal [D-WA7]
(202) 225-5665,WI,8,Representative,Mike,Gallagher,Rep. Mike Gallagher [R-WI8]
(202) 225-2311,WY,0,Representative,Liz,Cheney,Rep. Liz Cheney [R-WY0]
